kanji,heisigId,heisigKeyword,jpdbKeyword
一,1,one,one
二,2,two,two
三,3,three,three
四,4,four,four
五,5,five,five
六,6,six,six
七,7,seven,seven
八,8,eight,eight
九,9,nine,nine
十,10,ten,ten
口,11,mouth,mouth
日,12,day,sun
月,13,month,moon
田,14,rice field,rice field
目,15,eye,eye
古,16,old,old
吾,17,I,me (ceremonial)
冒,18,risk,dare
朋,19,companion,companion
明,20,bright,bright
唱,21,chant,chant
晶,22,sparkle,crystal
品,23,goods,goods
呂,24,spine,bathtub
昌,25,prosperous,good and prosperous
早,26,early,early
旭,27,rising sun,rising sun
世,28,generation,world
胃,29,stomach,stomach
旦,30,nightbreak,start of a day
胆,31,gall bladder,gall bladder
亘,32,span,span
凹,33,concave,concave
凸,34,convex,convex
旧,35,olden times,old times
自,36,oneself,self
白,37,white,white
百,38,hundred,hundred
中,39,in,in
千,40,thousand,thousand
舌,41,tongue,tongue
升,42,measuring box,almost 2 litres
昇,43,rise up,ascend
丸,44,round,circle
寸,45,measurement,a few centimeters
肘,46,elbow,elbow
専,47,specialty,specialty
博,48,Dr.,expert
占,49,fortune-telling,fortune-telling
上,50,above,above
下,51,below,below
卓,52,eminent,table
朝,53,morning,morning
嘲,54,derision,mockery
只,55,only,ordinary
貝,56,shellfish,shellfish
唄,57,pop song,shamisen song
貞,58,upright,principled
員,59,employee,member
貼,60,post a bill,stick on
見,61,see,see
児,62,newborn babe,kid
元,63,beginning,origin
頁,64,page,page
頑,65,stubborn,stubborn
凡,66,mediocre,mediocre
負,67,defeat,lose to (something)
万,68,ten thousand,ten thousand
句,69,phrase,phrase
肌,70,texture,skin
旬,71,decameron,ten days
勺,72,ladle,a spoonful of fluid
的,73,bull's eye,target
首,74,neck,neck
乙,75,fish guts,latter
乱,76,riot,chaos
直,77,straightaway,straight
具,78,tool,tool
真,79,true,truth
工,80,craft,construction
左,81,left,left
右,82,right,right
有,83,possess,be in possession
賄,84,bribe,supply with
貢,85,tribute,tribute
項,86,paragraph,paragraph
刀,87,sword,katana
刃,88,blade,edge (of a knife or sword)
切,89,cut,cut
召,90,seduce,to summon
昭,91,shining,shining
則,92,rule,rules
副,93,vice-,secondary
別,94,separate,separate
丁,95,street,street
町,96,village,town
可,97,can,can do
頂,98,place on the head,top of
子,99,child,child
孔,100,cavity,small hole
了,101,complete,finish
女,102,woman,woman
好,103,fond,liked
如,104,likeness,comparable
母,105,mama,mother
貫,106,pierce,pierce through
兄,107,elder brother,older brother
呪,108,curse,curse
克,109,overcome,overcome
小,110,little,small
少,111,few,few
大,112,large,large
多,113,many,many
夕,114,evening,evening (before sunset)
汐,115,eventide,evening tide
外,116,outside,outside
名,117,name,name
石,118,stone,stone
肖,119,resemblance,be worthy of
硝,120,nitrate,nitric
砕,121,smash,break into pieces
砂,122,sand,sand
妬,123,jealous,malicious jealousy
削,124,plane,scrape off
光,125,ray,ray
太,126,plump,plump
器,127,utensil,instrument
臭,128,stinking,smelly
嗅,129,sniff,sniff
妙,130,exquisite,strange
省,131,focus,cut down and focus
厚,132,thick,thick (in size)
奇,133,strange,odd
川,134,stream,river
州,135,state,state
順,136,obey,sequence
水,137,water,water
氷,138,icicle,ice
永,139,eternity,eternity
泉,140,spring,fountain
腺,141,gland,gland
原,142,meadow,original
願,143,petition,wish
泳,144,swim,swim
沼,145,marsh,swamp
沖,146,open sea,open sea
汎,147,pan-,far reaching
江,148,creek,large river
汰,149,cleanse,sieve through
汁,150,soup,soup
沙,151,grains of sand,grains of sand
潮,152,tide,tide
源,153,source,source
活,154,lively,activity
消,155,extinguish,extinguish
況,156,but of course,state of affairs
河,157,river,waterway
泊,158,overnight,stay overnight
湖,159,lake,lake
測,160,fathom,survey
土,161,soil,earth
吐,162,spit,vomit
圧,163,pressure,pressure
埼,164,cape,small peninsula
垣,165,hedge,fence
填,166,inlay,stuff something with
圭,167,squared jewel,square jewel
封,168,seal,seal
涯,169,horizon,horizon
寺,170,Buddhist temple,Buddhist temple
時,171,time,time
均,172,level,equalize
火,173,fire,fire
炎,174,inflammation,intense flame
煩,175,anxiety,troublesome
淡,176,thin,watered down
灯,177,lamp,lamp
畑,178,farm,farm field
災,179,disaster,natural disaster
灰,180,ashes,ashes
点,181,spot,point
照,182,illuminate,illuminate
魚,183,fish,fish
漁,184,fishing,gathering seafood
里,185,ri,home village
黒,186,black,black
墨,187,black ink,black ink
鯉,188,carp,carp
量,189,quantity,quantity
厘,190,rin,one-hundredth
埋,191,bury,to fill up (a hole)
同,192,same,same
洞,193,den,cave
胴,194,trunk,torso
向,195,yonder,direction
尚,196,esteem,even more
字,197,character,a character
守,198,guard,protect
完,199,perfect,complete
宣,200,proclaim,formally declare
宵,201,wee hours,early night
安,202,relax,peace of mind
宴,203,banquet,banquet
寄,204,draw near,get near
富,205,wealth,wealth
貯,206,savings,save up
木,207,tree,tree
林,208,grove,a bunch of trees
森,209,forest,forest
桂,210,Japanese Judas-tree,katsura tree
柏,211,oak,oak
枠,212,frame,outer frame
梢,213,treetops,treetops
棚,214,shelf,shelf
杏,215,apricot,apricot
桐,216,paulownia,paulownia tree
植,217,plant,plant
椅,218,chair,chair
枯,219,wither,wither
朴,220,crude,crude
村,221,town,village
相,222,inter-,towards each other
机,223,desk,wooden desk
本,224,book,book
札,225,tag,note
暦,226,calendar,calendar
案,227,plan,proposal
燥,228,parch,dried up
未,229,not yet,not yet
末,230,extremity,end part
昧,231,obscure,vague
沫,232,splash,splash
味,233,flavor,flavor
妹,234,younger sister,younger sister
朱,235,vermilion,deep red
株,236,stocks,stocks
若,237,young,young
草,238,grass,grass
苦,239,suffering,suffering
苛,240,bullying,bullying
寛,241,tolerant,lenient
薄,242,dilute,thin in volume
葉,243,leaf,leaf
模,244,imitation,look like something
漠,245,vague,boundless
墓,246,grave,grave
暮,247,livelihood,day-to-day life
膜,248,membrane,membrane
苗,249,seedling,seedling
兆,250,portent,omen
桃,251,peach tree,peach
眺,252,stare,stare at
犬,253,dog,dog
状,254,status quo,condition
黙,255,silence,shut up
然,256,sort of thing,sort of thing
荻,257,reed,silvergrass
狩,258,hunt,hunt
猫,259,cat,cat
牛,260,cow,cow
特,261,special,special
告,262,revelation,reveal
先,263,before,before (timewise)
洗,264,wash,wash
介,265,jammed in,mediate
界,266,world,realm
茶,267,tea,tea
脊,268,spinal column,backbone
合,269,fit,come together
塔,270,pagoda,tower
王,271,king,king
玉,272,jewel,ball
宝,273,treasure,treasure
珠,274,pearl,pearl
現,275,present,right now
玩,276,toy,toy
狂,277,lunatic,insane
旺,278,effulgent,full of vigor
皇,279,emperor,imperial
呈,280,display,to present
全,281,whole,whole
栓,282,plug,plug
理,283,logic,logic
主,284,lord,(one's) master
注,285,pour,pour
柱,286,pillar,pillar
金,287,gold,gold
銑,288,pig iron,pig iron
鉢,289,bowl,bowl
銅,290,copper,copper
釣,291,angling,fishing
針,292,needle,needle
銘,293,inscription,engraved inscription
鎮,294,tranquillize,calm down
道,295,road-way,roadway
導,296,guidance,to guide
辻,297,crossing,street corner
迅,298,swift,swift
造,299,create,create
迫,300,urge,draw very near
逃,301,escape,escape
辺,302,environs,local area
巡,303,patrol,go around
車,304,car,vehicle
連,305,take along,take along
軌,306,rut,tracks
輸,307,transport,transport (in or out)
喩,308,metaphor,metaphor
前,309,in front,in front of
煎,310,roast,dry-roasted
各,311,each,each
格,312,status,status
賂,313,graft,bribe
略,314,abbreviation,outline
客,315,guest,guest
額,316,forehead,amount of money
夏,317,summer,summer
処,318,dispose,dispose of
条,319,twig,clause
落,320,fall,fall down
冗,321,superfluous,superfluous
冥,322,Hades,realm of the dead
軍,323,army,army
輝,324,radiance,shine
運,325,carry,carry
冠,326,crown,crown
夢,327,dream,dream
坑,328,pit,pit
高,329,tall,high
享,330,receive,receive naturally
塾,331,cram school,cram school
熟,332,mellow,mature
亭,333,pavilion,establishment
京,334,capital,capital
涼,335,refreshing,refreshing coolness
景,336,scenery,scenery
鯨,337,whale,whale
舎,338,cottage,building
周,339,circumference,circumference
週,340,week,week
士,341,gentleman,professional
吉,342,good luck,good luck
壮,343,robust,robust
荘,344,villa,villa
売,345,sell,sell
学,346,study,study
覚,347,memorize,awareness
栄,348,flourish,flourish
書,349,write,write
津,350,haven,harborside
牧,351,breed,flock
攻,352,aggression,attack
敗,353,failure,defeated
枚,354,a sheet of,a sheet of
故,355,happenstance,past
敬,356,awe,respect
言,357,say,say
警,358,admonish,to police (something)
計,359,plot,measure
詮,360,elucidate,be worthwhile
獄,361,prison,prison
訂,362,revise,revise
訃,363,obituary,news of someone's death
討,364,chastise,attack to kill
訓,365,instruction,instruct
詔,366,imperial edict,imperial edict
詰,367,packed,packed with
話,368,tale,to speak
詠,369,recitation,compose a poem
詩,370,poem,poem
語,371,word,language
読,372,read,read
調,373,tune,tone
談,374,discuss,conversation
諾,375,consent,consent
諭,376,rebuke,rebuke
式,377,style,ceremony
試,378,test,test
弐,379,II (two),two (formal)
域,380,range,region
賊,381,burglar,bandit
栽,382,plantation,cultivate (a plant)
載,383,load,appear in print
茂,384,overgrown,overgrown
戚,385,relatives,family relative
成,386,turn into,become
城,387,castle,castle
誠,388,sincerity,sincerity
威,389,intimidate,terrifying authority
滅,390,destroy,perish
減,391,dwindle,reduction
蔑,392,revile,scorn
桟,393,scaffold,wooden crosspiece
銭,394,coin,coin
浅,395,shallow,shallow
止,396,stop,stop
歩,397,walk,walk
渉,398,ford,cross a river on foot
頻,399,repeatedly,repeatedly
肯,400,agreement,positive agreement
企,401,undertake,scheme
歴,402,curriculum,chronicle
武,403,warrior,military
賦,404,levy,levy
正,405,correct,correct
証,406,evidence,proof
政,407,politics,politics
定,408,determine,define
錠,409,lock,a lock
走,410,run,run
超,411,transcend,exceed
赴,412,proceed,proceed
越,413,surpass,go beyond
是,414,just so,go with
題,415,topic,topic
堤,416,dike,embankment
建,417,build,build
鍵,418,key,key
延,419,prolong,prolong
誕,420,nativity,birth
礎,421,cornerstone,cornerstone
婿,422,bridegroom,bridegroom
衣,423,garment,garment
裁,424,tailor,to judge
装,425,attire,outfit
裏,426,back,backside
壊,427,demolition,break
哀,428,pathetic,pitiful
遠,429,distant,far
猿,430,monkey,monkey
初,431,first time,first time
巾,432,towel,piece of fabric
布,433,linen,cloth
帆,434,sail,sail
幅,435,hanging scroll,width
帽,436,cap,hat
幕,437,curtain,curtain
幌,438,canopy,canopy
錦,439,brocade,beautifully embroidered
市,440,market,city
柿,441,persimmon,persimmon
姉,442,elder sister,older sister
肺,443,lungs,lung
帯,444,sash,belt
滞,445,stagnate,stay in one place
刺,446,thorn,stab
制,447,system,control
製,448,made in...,manufactured
転,449,revolve,roll around
芸,450,technique,art
雨,451,rain,rain
雲,452,cloud,cloud
曇,453,cloudy weather,get cloudy
雷,454,thunder,thunder
霜,455,frost,frost
冬,456,winter,winter
天,457,heavens,heaven
妖,458,bewitched,supernatural allure
沃,459,irrigate,irrigate
橋,460,bridge,bridge
嬌,461,attractive,charming
立,462,stand up,standing up
泣,463,cry,cry
章,464,badge,chapter
競,465,vie,compete
帝,466,sovereign,emperor
諦,467,renunciation,give up
童,468,juvenile,preteen
瞳,469,pupil,pupil (of eye)
鐘,470,bell,large bell
商,471,make a deal,make a deal
嫡,472,legitimate wife,legitimate wife
適,473,suitable,fitting
滴,474,drip,drip
敵,475,enemy,enemy
匕,476,spoon,spoon
叱,477,scold,scold
匂,478,aroma,scent
頃,479,about that time,around that time
北,480,north,north
背,481,stature,back of the body
比,482,compare,compare (things of the same type)
昆,483,descendants,descendants
皆,484,all,all
楷,485,block letters,block letters
諧,486,orderliness,orderliness
混,487,mix,mix
渇,488,thirst,thirst
謁,489,audience,audience
褐,490,brown,brown
喝,491,hoarse,hoarse
葛,492,kudzu,kudzu (a type of plant)
旨,493,delicious,tasty
脂,494,fat,fat
詣,495,visit a shrine,visit a shrine
壱,496,I (one),one (formal)
毎,497,every,every
敏,498,cleverness,quick-witted
梅,499,plum,Japanese plum
海,500,sea,sea
乞,501,beg,beg
乾,502,drought,dry
腹,503,abdomen,belly
複,504,duplicate,multiple
欠,505,lack,lack of
吹,506,blow,blow
炊,507,cook,cook
歌,508,song,song
軟,509,soft,soft (consistency)
次,510,next,next
茨,511,briar,wild rose
資,512,assets,resources
姿,513,figure,figure
諮,514,consult with,consult with
賠,515,compensation,compensation
培,516,cultivate,cultivate (an organism)
剖,517,divide,divide
音,518,sound,sound
暗,519,darkness,dark
韻,520,rhyme,rhyme
識,521,discriminating,be conscious of
鏡,522,mirror,mirror
境,523,boundary,border
亡,524,deceased,deceased
盲,525,blind,blind
妄,526,delusion,reckless
荒,527,laid waste,wild
望,528,ambition,hope
方,529,direction,way
妨,530,disturb,obstruct
坊,531,boy,boy
芳,532,perfumed,sweet smelling
肪,533,obese,obese
訪,534,call on,formal visit
放,535,set free,release
激,536,violent,intense
脱,537,undress,detach
説,538,explanation,theory
鋭,539,pointed,sharp
曽,540,formerly,great (grandparent or grandchild)
増,541,increase,increase
贈,542,presents,gift
東,543,east,east
棟,544,ridgepole,main pillar
凍,545,frozen,frozen
妊,546,pregnancy,get pregnant
廷,547,courts,court
染,548,dye,dye
燃,549,burn,burn
賓,550,V.I.P.,visitor
歳,551,year-end,years old
県,552,prefecture,prefecture
栃,553,horse chestnut,horse chestnut
地,554,ground,ground
池,555,pond,pond
虫,556,insect,insect
蛍,557,lightning bug,firefly
蛇,558,snake,snake
虹,559,rainbow,rainbow
蝶,560,butterfly,butterfly
独,561,single,alone
蚕,562,silkworm,silkworm
風,563,wind,wind
己,564,self,oneself
起,565,rouse,to occur
妃,566,queen,wife of a ruler
改,567,reformation,reform
記,568,scribe,regularly record
包,569,wrap,wrap
胞,570,placenta,cell
砲,571,cannon,cannon
泡,572,bubble,bubble
亀,573,tortoise,turtle
電,574,electricity,electric
竜,575,dragon,dragon
滝,576,waterfall,waterfall
豚,577,pork,pig
逐,578,pursue,pursue
遂,579,consummate,accomplish
家,580,house,house
嫁,581,marry into,bride
豪,582,overpowering,greatest
腸,583,intestines,intestines
場,584,location,location
湯,585,hot water,hot water
羊,586,sheep,sheep
美,587,beauty,beauty
洋,588,ocean,ocean
詳,589,detailed,detailed
鮮,590,fresh,fresh
達,591,accomplished,accomplished
羨,592,envious,envy (without malice)
差,593,distinction,difference
着,594,don,wear
唯,595,solely,only
堆,596,piled high,piled high
椎,597,sweet oak,part of the spine
誰,598,who?,who?
焦,599,char,get burned
礁,600,reef,reef
集,601,gather,gather together
准,602,quasi-,being almost like
進,603,advance,advance
雑,604,miscellaneous,crude
雌,605,female,bitch (female animal)
準,606,semi-,standard
奮,607,stirred up,arouse
奪,608,rob,steal (by force)
確,609,assurance,certain
午,610,noon,noon
許,611,permit,permit
歓,612,delight,delight
権,613,authority,right (to do something)
観,614,outlook,observe
羽,615,feathers,feathers
習,616,learn,learn
翌,617,the following,the following
曜,618,weekday,weekday
濯,619,laundry,rinse with water
曰,620,sayeth,sayeth
困,621,quandary,distressed
固,622,harden,solidify
錮,623,weld,weld
国,624,country,country
団,625,group,group
因,626,cause,cause
姻,627,matrimony,matrimony
咽,628,windpipe,windpipe
園,629,park,park
回,630,-times,going around
壇,631,podium,podium
店,632,store,shop
庫,633,warehouse,storage
庭,634,courtyard,garden
庁,635,government office,government office
床,636,bed,floor
麻,637,hemp,hemp
磨,638,grind,polish
心,639,heart,heart
忘,640,forget,forget
恣,641,selfish,selfish
忍,642,endure,ninja
認,643,acknowledge,admit
忌,644,mourning,mourning
志,645,intention,intention
誌,646,document,magazine
芯,647,wick,wick
忠,648,loyalty,loyalty
串,649,shish kebab,skewer
患,650,afflicted,afflicted
思,651,think,think (that something is true)
恩,652,grace,debt of gratitude
応,653,apply,respond with action
意,654,idea,idea
臆,655,cowardice,be hesitant
想,656,concept,heartfelt thought
息,657,breath,breath
憩,658,recess,take a break
恵,659,favor,favored
恐,660,fear,fear
惑,661,beguile,lead astray
感,662,emotion,feelings
憂,663,melancholy,anxiety
寡,664,widow,widow
忙,665,busy,busy
悦,666,ecstasy,ecstasy
恒,667,constancy,constant
悼,668,lament,lament
悟,669,enlightenment,enlightenment
怖,670,dreadful,scary
慌,671,disconcerted,flustered
悔,672,repent,regret
憎,673,hate,hate
慣,674,accustomed,get used to
愉,675,pleasure,fun
惰,676,lazy,lazy
慎,677,humility,careful
憾,678,remorse,remorse
憶,679,recollection,memory
惧,680,disquieting,disquieting
憧,681,yearn,yearn for
憬,682,hanker,long for
慕,683,pining,adore
添,684,annexed,addition
必,685,invariably,certainly
泌,686,ooze,ooze
手,687,hand,hand
看,688,watch over,watch over
摩,689,chafe,grind against
我,690,ego,me (old fashioned)
義,691,righteousness,justice
議,692,deliberation,deliberation
犠,693,sacrifice,sacrifice
抹,694,rub,grind into a powder
拭,695,wipe,wipe
拉,696,yank,squash flat
抱,697,embrace,hug
搭,698,board,board
抄,699,extract,extract
抗,700,confront,oppose
批,701,criticism,criticism
招,702,beckon,beckon
拓,703,clear the land,clear the way
拍,704,clap,clap rythmically
打,705,strike,strike
拘,706,arrest,constrain
捨,707,discard,throw away
拐,708,kidnap,kidnap
摘,709,pinch,pluck
挑,710,challenge,challenge
指,711,finger,finger
持,712,hold,have
拶,713,imminent,squeeze fingers
括,714,fasten,tie a loop around
揮,715,brandish,to wield (physically)
推,716,conjecture,infer
揚,717,hoist,raise and suspend
提,718,propose,propose
損,719,damage,harmful loss
拾,720,pick up,pick up (off the ground)
担,721,shouldering,to shoulder
拠,722,foothold,foundation
描,723,sketch,paint a picture
操,724,maneuver,manipulate
接,725,touch,come in contact
掲,726,put up a notice,put up (a notice)
掛,727,hang,hang
捗,728,make headway,make headway
研,729,polish,refine
戒,730,commandment,commandment
弄,731,tinker with,tinker with
械,732,contraption,contraption
鼻,733,nose,nose
刑,734,punish,criminal punishment
型,735,mould,model
才,736,genius,talent
財,737,property,riches
材,738,lumber,raw materials
存,739,suppose,existence
在,740,exist,presence
乃,741,from,archaic の (girly)
携,742,portable,carry in a hand
及,743,reach out,reach
吸,744,suck,suck
扱,745,handle,to handle
丈,746,length,3 meters
史,747,history,history
吏,748,officer,government official
更,749,grow late,all over again
硬,750,stiff,hard like a rock
梗,751,spiny,round tube
又,752,or again,once again
双,753,pair,pair
桑,754,mulberry,mulberry
隻,755,vessels,(seafaring) vessel
護,756,safeguard,keep safe
獲,757,seize,capture in a hunt
奴,758,guy,guy
怒,759,angry,angry
友,760,friend,friend
抜,761,slip out,pull out
投,762,throw,throw
没,763,drown,go under
股,764,thigh,thighs
設,765,establishment,set up
撃,766,beat,fire a gun
殻,767,husk,husk
支,768,branch,support
技,769,skill,skill
枝,770,bough,branch
肢,771,limb,limb
茎,772,stalk,stem
怪,773,suspicious,suspicious
軽,774,lightly,lightweight
叔,775,uncle,uncle
督,776,coach,overseer
寂,777,loneliness,lonely
淑,778,graceful,ladylike
反,779,anti-,be against
坂,780,slope,slope
板,781,plank,plank
返,782,return,return something
販,783,marketing,make commercially available
爪,784,claw,claw
妥,785,gentle,suitable
乳,786,milk,milk
浮,787,floating,float
淫,788,lewd,lewd
将,789,leader,commander
奨,790,exhort,encourage (someone to do something)
采,791,grab,colorful dice
採,792,pick,collect
菜,793,vegetable,vegetable
受,794,accept,receive
授,795,impart,to award
愛,796,love,love
曖,797,unclear,unclear
払,798,pay,pay
広,799,wide,wide
勾,800,hooked,flexed
拡,801,broaden,expand horizontally
鉱,802,mineral,ore
弁,803,valve,dialect
雄,804,male,stud (male animal)
台,805,pedestal,pedestal
怠,806,neglect,idle
治,807,reign,rein in
冶,808,metallurgy,metallurgy
始,809,commence,begin
胎,810,womb,womb
窓,811,window,window
去,812,gone,past
法,813,method,law
会,814,meeting,meeting
至,815,climax,apex
室,816,room,room
到,817,arrival,arrival
致,818,doth,politely do
互,819,mutually,mutual
棄,820,abandon,discard
育,821,bring up,nurture
撤,822,remove,withdraw
充,823,allot,distribute
銃,824,gun,gun
硫,825,sulfur,sulphur
流,826,current,current (in a fluid)
允,827,license,license
唆,828,tempt,tempt
出,829,exit,exit
山,830,mountain,mountain
拙,831,bungling,unskillful
岩,832,boulder,boulder
炭,833,charcoal,charcoal
岐,834,branch off,branch off
峠,835,mountain pass,mountain pass
崩,836,crumble,crumble
密,837,secrecy,intimate
蜜,838,honey,honey
嵐,839,storm,storm
崎,840,promontory,Nagasaki peninsula
崖,841,bluffs,bluffs
入,842,enter,enter
込,843,crowded,crowded
分,844,part,part
貧,845,poverty,poor
頒,846,partition,partition
公,847,public,public
松,848,pine tree,pine tree
翁,849,venerable old man,venerable old man
訟,850,sue,lawsuit
谷,851,valley,valley
浴,852,bathe,bath
容,853,contain,contain
溶,854,melt,melt
欲,855,longing,desire
裕,856,abundant,abundant
鉛,857,lead (metal),lead (metal)
沿,858,run alongside,run alongside
賞,859,prize,prize
党,860,party,political party
堂,861,hall,assembly hall
常,862,usual,usual
裳,863,skirt,skirt
掌,864,manipulate,palm of a hand
皮,865,pelt,skin (of an animal or a plant)
波,866,waves,a wave
婆,867,old woman,old woman
披,868,expose,unveil to an audience
破,869,rend,to tear
被,870,incur,be a target of
残,871,remainder,left behind
殉,872,martyrdom,martyrdom
殊,873,particularly,especially
殖,874,augment,reproduce and multiply
列,875,file,row
裂,876,split,split
烈,877,ardent,violent
死,878,death,death
葬,879,interment,funeral
瞬,880,wink,blink
耳,881,ear,ear
取,882,take,take
趣,883,gist,preference
最,884,utmost,utmost
撮,885,snapshot,photograph
恥,886,shame,shame
職,887,post,being employed
聖,888,holy,holy
敢,889,daring,bold
聴,890,listen,actively listen
懐,891,pocket,pocket of nostalgia
慢,892,ridicule,arrogant
漫,893,loose,aimless
買,894,buy,buy
置,895,placement,put down
罰,896,penalty,penalty
寧,897,rather,better
濁,898,voiced,muddy
環,899,ring,loop
還,900,send back,finally return
夫,901,husband,husband
扶,902,aid,aid
渓,903,mountain stream,valley with a river
規,904,standard,criteria
替,905,exchange,replace
賛,906,approve,approve
潜,907,submerge,lurk
失,908,lose,permanent loss
鉄,909,iron,iron
迭,910,alternate,alternate
臣,911,retainer,government minister
姫,912,princess,princess
蔵,913,storehouse,stash
臓,914,entrails,entrails
賢,915,intelligent,clever
腎,916,kidney,kidney
堅,917,strict,firm
臨,918,look to,face something
覧,919,perusal,view
巨,920,gigantic,gigantic
拒,921,repel,refuse
力,922,power,power
男,923,man,man
労,924,labor,labor
募,925,recruit,recruit
劣,926,inferiority,inferior
功,927,achievement,success
勧,928,persuade,recommend (a course of action)
努,929,toil,make an effort
勃,930,uprising,erection
励,931,encourage,encourage (someone to become more lively)
加,932,add,add
賀,933,congratulations,congratulations
架,934,erect,framework
脇,935,armpit,armpit
脅,936,threaten,threaten
協,937,co-,cooperative
行,938,going,go
律,939,rhythm,regulate
復,940,restore,return to normal
得,941,gain,gain
従,942,accompany,obey
徒,943,junior,follower
待,944,wait,wait
往,945,journey,go (with the intention to come back)
征,946,subjugate,subjugate
径,947,diameter,diameter
彼,948,he,he
役,949,duty,role
徳,950,benevolence,virtue
徹,951,penetrate,penetrate
徴,952,indications,sign (of something)
懲,953,penal,punish and teach a lesson
微,954,delicate,micro
街,955,boulevard,town district
桁,956,girder,number of digits
衡,957,equilibrium,equilibrium
稿,958,draft,draft
稼,959,earnings,earn income
程,960,extent,extent
税,961,tax,tax
稚,962,immature,immature
和,963,harmony,harmony
移,964,shift,transfer
秒,965,second,second
秋,966,autumn,autumn
愁,967,distress,distress
私,968,private,private
秩,969,regularity,regularity
秘,970,secret,secret
称,971,appellation,claim a title
利,972,profit,profit
梨,973,pear tree,pear
穫,974,harvest,harvest
穂,975,ear of a plant,head of a plant
稲,976,rice plant,rice plant
香,977,incense,nice smell
季,978,seasons,time of year
委,979,committee,committee
秀,980,excel,excel
透,981,transparent,transparent
誘,982,entice,invite
稽,983,training,training
穀,984,cereals,grains
菌,985,germ,microbe
萎,986,numb,wither
米,987,rice,rice
粉,988,flour,powder
粘,989,sticky,sticky
粒,990,grains,a single grain
粧,991,cosmetics,cosmetics
迷,992,astray,be lost
粋,993,chic,style
謎,994,riddle,riddle
糧,995,provisions,provisions
菊,996,chrysanthemum,chrysanthemum
奥,997,core,deep inside
数,998,number,number
楼,999,watchtower,building with at least two floors
類,1000,sort,kind (of something)
漆,1001,lacquer,lacquer
膝,1002,knee,knee
様,1003,Esq.,-sama
求,1004,request,seek
球,1005,ball,sphere
救,1006,salvation,rescue
竹,1007,bamboo,bamboo
笑,1008,laugh,laugh
笠,1009,bamboo hat,Asian-style conical hat
笹,1010,bamboo grass,bamboo grass
箋,1011,stationery,slip of paper
筋,1012,muscle,muscle
箱,1013,box,box
筆,1014,writing brush,writing brush
筒,1015,cylinder,cylinder
等,1016,etc.,equal
算,1017,calculate,calculate
答,1018,solution,answer
策,1019,scheme,plan
簿,1020,register,register
築,1021,fabricate,construct
篭,1022,basket,basket [simplified]
人,1023,person,person
佐,1024,assistant,assistant
侶,1025,partner,partner
但,1026,however,however
住,1027,dwell,live in
位,1028,rank,rank
仲,1029,go-between,relationship
体,1030,body,body
悠,1031,remote,distant
件,1032,affair,case
仕,1033,attend,serve
他,1034,other,other
伏,1035,prostrated,lay face down
伝,1036,transmit,transmit
仏,1037,Buddha,Buddha
休,1038,rest,rest
仮,1039,provisional,temporary
伎,1040,performing artist,performing artist
伯,1041,chief,count (nobleman)
俗,1042,vulgar,common
信,1043,faith,belief
佳,1044,excellent,excellent
依,1045,reliant,depend on
例,1046,example,example
個,1047,individual,individual
健,1048,healthy,healthy
側,1049,side,side (of something)
侍,1050,waiter,samurai
停,1051,halt,temporary stop
値,1052,price,numeric value
倣,1053,emulate,emulate
傲,1054,arrogance,pride
倒,1055,overthrow,collapse
偵,1056,spy,to spy
僧,1057,Buddhist priest,Buddhist priest
億,1058,hundred million,hundred million
儀,1059,ceremony,ritual
償,1060,reparation,make up for something
仙,1061,hermit,hermit
催,1062,sponsor,to host
仁,1063,humanity,humanity
侮,1064,scorn,look down on
使,1065,use,use (something physical)
便,1066,convenience,convenience
倍,1067,double,double something
優,1068,tenderness,gentle
伐,1069,fell,cut down
宿,1070,inn,place to sleep
傷,1071,wound,wound
保,1072,protect,preserve
褒,1073,praise,praise
傑,1074,greatness,the best
付,1075,adhere,attach
符,1076,token,token
府,1077,municipality,central office
任,1078,responsibility,obligation
賃,1079,fare,rental payment
代,1080,substitute,substitute
袋,1081,sack,sack
貸,1082,lend,lend
化,1083,change,transformation
花,1084,flower,flower
貨,1085,freight,currency
傾,1086,lean,lean to the side
何,1087,what,what
荷,1088,baggage,baggage
俊,1089,sagacious,outstanding talent
傍,1090,bystander,on the side
俺,1091,myself,me (manly)
久,1092,long time,long time
畝,1093,furrow,furrow
囚,1094,captured,prisoner
内,1095,inside,inside
丙,1096,third class,third in class
柄,1097,design,pattern
肉,1098,meat,meat
腐,1099,rot,rot
座,1100,sit,to sit
挫,1101,sprain,sprain
卒,1102,graduate,graduate
傘,1103,umbrella,umbrella
匁,1104,monme,monme
以,1105,by means of,by means of
似,1106,similar,resemble
併,1107,join,match (to be the same)
瓦,1108,tile,tile
瓶,1109,flower pot,bottle
宮,1110,Shinto shrine,Shinto shrine
営,1111,occupation,manage
善,1112,virtuous,morally good
膳,1113,dining tray,dining tray
年,1114,year,year
夜,1115,night,night
液,1116,fluid,fluid
塚,1117,hillock,pile of (dirt)
幣,1118,cash,cash
蔽,1119,cover over,to cover
弊,1120,abuse,not good
喚,1121,yell,scream
換,1122,interchange,exchange
融,1123,dissolve,dissolve
施,1124,alms,carry out
旋,1125,rotation,swirl
遊,1126,play,play
旅,1127,trip,travel
勿,1128,not,must not
物,1129,thing,thing
易,1130,easy,easy
賜,1131,grant,grant
尿,1132,urine,urine
尼,1133,nun,nun
尻,1134,buttocks,butt
泥,1135,mud,mud
塀,1136,fence,wall fence
履,1137,footgear,put on legwear
屋,1138,roof,roof
握,1139,grip,grip
屈,1140,yield,bend
掘,1141,dig,dig
堀,1142,ditch,moat
居,1143,reside,to be (animate object)
据,1144,set,fixed in place
裾,1145,hem,hem
層,1146,stratum,layer
局,1147,bureau,bureau
遅,1148,slow,slow
漏,1149,leak,leak
刷,1150,printing,print
尺,1151,shaku,measuring ruler
尽,1152,exhaust,completely exhaust
沢,1153,swamp,mountain stream
訳,1154,translate,translation
択,1155,choose,choice
昼,1156,daytime,midday
戸,1157,door,door
肩,1158,shoulder,shoulder
房,1159,tassel,cluster
扇,1160,fan,folding fan
炉,1161,hearth,furnace
戻,1162,re-,turn back to how it was
涙,1163,tears,tears
雇,1164,employ,hire
顧,1165,look back,look back on
啓,1166,disclose,revelation
示,1167,show,demonstrate
礼,1168,salutation,polite
祥,1169,auspicious,happy omen
祝,1170,celebrate,celebrate
福,1171,blessing,good fortune
祉,1172,welfare,welfare
社,1173,company,company
視,1174,inspection,look at
奈,1175,Nara,Nara (city)
尉,1176,military officer,military officer
慰,1177,consolation,console and provide comfort
款,1178,goodwill,goodwill
禁,1179,prohibition,prohibit
襟,1180,collar,collar
宗,1181,religion,religion
崇,1182,adore,respect and revere
祭,1183,ritual,festival
察,1184,guess,guess
擦,1185,grate,rub
由,1186,wherefore,reason
抽,1187,pluck,take out
油,1188,oil,oil
袖,1189,sleeve,sleeve
宙,1190,mid-air,midair
届,1191,deliver,delivery
笛,1192,flute,flute
軸,1193,axis,axis
甲,1194,armor,outer shell
押,1195,push,push
岬,1196,headland,cape (on coast)
挿,1197,insert,insert
申,1198,speaketh,say humbly
伸,1199,expand,stretch
神,1200,gods,god
捜,1201,search,search
果,1202,fruit,fruit
菓,1203,confectionary,sweets
課,1204,chapter,subsection
裸,1205,naked,naked
斤,1206,ax,axe
析,1207,chop,break apart
所,1208,place,place
祈,1209,pray,pray
近,1210,near,near
折,1211,fold,fold
哲,1212,philosophy,philosophy
逝,1213,departed,pass away
誓,1214,vow,vow
斬,1215,chop off,slice to kill
暫,1216,temporarily,temporarily
漸,1217,steadily,steadily
断,1218,severance,be cut off
質,1219,substance,quality
斥,1220,reject,reject
訴,1221,accusation,sue
昨,1222,yesterday,previous
詐,1223,lie,falsehood
作,1224,make,make
雪,1225,snow,snow
録,1226,record,record on something
剥,1227,peel off,peel off
尋,1228,inquire,inquire
急,1229,hurry,hurry
穏,1230,calm,calm
侵,1231,encroach,invade
浸,1232,immersed,immersed in
寝,1233,lie down,lie down
婦,1234,lady,housewife
掃,1235,sweep,sweep
当,1236,hit,hit (the target)
彙,1237,glossary,glossary
争,1238,contend,conflict
浄,1239,clean,cleanse
事,1240,matter,occurence
唐,1241,T'ang,Chinese foreigner
糖,1242,sugar,sugar
康,1243,sane,peaceful
逮,1244,apprehend,arrest
伊,1245,Italy,Italy
君,1246,old boy,young master
群,1247,flock,a pack (e.g. of dogs)
耐,1248,-proof,withstand
需,1249,demand,demand (for something)
儒,1250,Confucian,confucian
端,1251,edge,boundary
両,1252,both,both
満,1253,full,full
画,1254,brush-stroke,drawing
歯,1255,tooth,tooth
曲,1256,bend,curved
曹,1257,cadet,cadet
遭,1258,encounter,encounter a difficulty
漕,1259,rowing,rowing
槽,1260,vat,tank (of liquid)
斗,1261,Big Dipper,18 litres
料,1262,fee,ingredients
科,1263,department,department
図,1264,map,diagram
用,1265,utilize,used for
庸,1266,comfortable,commonplace
備,1267,equip,equip
昔,1268,once upon a time,long ago
錯,1269,confused,mix something up
借,1270,borrow,borrow
惜,1271,pity,reluctant (to part with)
措,1272,set aside,set aside
散,1273,scatter,scatter around
廿,1274,twenty,twenty
庶,1275,commoner,commoner
遮,1276,intercept,interrupt
席,1277,seat,seat
度,1278,degrees,degrees
渡,1279,transit,ferry over
奔,1280,bustle,run very fast
噴,1281,erupt,erupt
墳,1282,tomb,tomb
憤,1283,aroused,grudge
焼,1284,bake,roast
暁,1285,daybreak,dawn
半,1286,half,half
伴,1287,consort,accompany
畔,1288,paddy ridge,shore
判,1289,judgment,judgement
拳,1290,fist,fist
券,1291,ticket,ticket
巻,1292,scroll,scroll
圏,1293,sphere,area of influence
勝,1294,victory,win
藤,1295,wisteria,wisteria (a type of plant)
謄,1296,facsimilie,certified copy
片,1297,one-sided,one of a pair
版,1298,printing block,edition
之,1299,of,archaic の (manly)
乏,1300,destitution,scarcity
芝,1301,turf,lawn
不,1302,negative,negative
否,1303,negate,negate
杯,1304,cupfuls,cup of liquid
矢,1305,dart,arrow
矯,1306,rectify,fix a flaw
族,1307,tribe,tribe
知,1308,know,know
智,1309,wisdom,wisdom of old
挨,1310,shove,push open
矛,1311,halberd,halberd
柔,1312,tender,soft (to touch)
務,1313,task,perform a task
霧,1314,fog,fog
班,1315,squad,squad
帰,1316,homecoming,return home
弓,1317,bow,bow (weapon)
引,1318,pull,pull
弔,1319,condolences,condolences
弘,1320,vast,vast
強,1321,strong,strong
弥,1322,more and more,increasingly extend
弱,1323,weak,weak
溺,1324,drowning,to drown
沸,1325,seethe,heat until boiling point
費,1326,expense,expense
第,1327,No.,ordinal number
弟,1328,younger brother,younger brother
巧,1329,adroit,skillful
号,1330,nickname,ID number
朽,1331,decay,decay
誇,1332,boast,be proud of
顎,1333,chin,chin
汚,1334,dirty,dirty
与,1335,bestow,bestow upon
写,1336,copy,copy
身,1337,somebody,one's body
射,1338,shoot,shoot
謝,1339,apologize,apologize
老,1340,old man,elderly
考,1341,consider,think (about something)
孝,1342,filial piety,duty to one's parents
教,1343,teach,teach
拷,1344,torture,torture
者,1345,someone,someone
煮,1346,boil,cook by boiling
著,1347,renowned,literary work
箸,1348,chopsticks,chopsticks
署,1349,signature,field office
暑,1350,sultry,hot
諸,1351,various,various
猪,1352,boar,boar
渚,1353,strand,strand
賭,1354,gamble,bet
峡,1355,gorge,ravine
狭,1356,cramped,narrow
挟,1357,sandwiched,put between
頬,1358,cheek,cheek
追,1359,chase,follow
阜,1360,large hill,Gifu hill
師,1361,expert,mentor
帥,1362,commander,high command
官,1363,bureaucrat,bureaucrat
棺,1364,coffin,coffin
管,1365,pipe,pipe
父,1366,father,father
釜,1367,cauldron,cauldron
交,1368,mingle,mingle
効,1369,merit,be effective
較,1370,contrast,thoroughly compare
校,1371,exam,school
足,1372,leg,foot
促,1373,stimulate,urge
捉,1374,nab,grab and hold
距,1375,long-distance,separated by
路,1376,path,path
露,1377,dew,exposed to morning dew
跳,1378,hop,jump up
躍,1379,leap,jump around
践,1380,tread,tread
踏,1381,step,to step on
踪,1382,trail,trail
骨,1383,skeleton,bone
滑,1384,slippery,slippery
髄,1385,marrow,marrow
禍,1386,calamity,calamity and misfortune
渦,1387,whirlpool,whirlpool
鍋,1388,pot,pot
過,1389,overdo,surpass something
阪,1390,Heights,hillside
阿,1391,Africa,Africa
際,1392,occasion,edge
障,1393,hinder,obstruction
隙,1394,chink,gap
随,1395,follow,follow as one's told
陪,1396,auxiliary,one's superior
陽,1397,sunshine,sunshine
陳,1398,line up,to express
防,1399,ward off,prevent
附,1400,affixed,attachment
院,1401,Inst.,institution
陣,1402,camp,army camp
隊,1403,regiment,squad
墜,1404,crash,fall down and crash
降,1405,descend,descend
階,1406,story,floor (of a building)
陛,1407,highness,highness
隣,1408,neighboring,neighbor
隔,1409,isolate,isolate
隠,1410,conceal,to hide
堕,1411,degenerate,fall into corruption
陥,1412,collapse,cave in
穴,1413,hole,hole
空,1414,empty,empty air
控,1415,withdraw,refrain
突,1416,stab,thrust
究,1417,research,research
窒,1418,plug up,suffocate
窃,1419,stealth,secretly
窟,1420,cavern,den
窪,1421,depression,depressed shape
搾,1422,squeeze,squeeze out (a liquid)
窯,1423,kiln,kiln
窮,1424,hard up,reach a limit
探,1425,grope,to feel around for
深,1426,deep,deep
丘,1427,hill,hill
岳,1428,Point,mountain peak
兵,1429,soldier,soldier
浜,1430,seacoast,beach
糸,1431,thread,thread
織,1432,weave,weave
繕,1433,darning,darning
縮,1434,shrink,shrink
繁,1435,luxuriant,grow thickly
縦,1436,vertical,vertical
緻,1437,fine,fine
線,1438,line,line
綻,1439,come apart at the seams,come apart at the seams
締,1440,tighten,tighten
維,1441,fiber,maintain
羅,1442,gauze,lightweight fabric
練,1443,practice,practice
緒,1444,thong,strap
続,1445,continue,continue
絵,1446,picture,picture
統,1447,overall,overall
絞,1448,strangle,strangle
給,1449,salary,supply (of something)
絡,1450,entwine,entangle
結,1451,tie,tied together
終,1452,end,end
級,1453,class,class
紀,1454,chronicle,era
紅,1455,crimson,deep red
納,1456,settlement,to supply
紡,1457,spinning,to spin (yarn)
紛,1458,distract,confusion
紹,1459,introduce,introduce
経,1460,sutra,Buddhist scripture
紳,1461,sire,gentleman
約,1462,promise,promise
細,1463,dainty,thin
累,1464,accumulate,successive
索,1465,cord,link
総,1466,general,general
綿,1467,cotton,cotton
絹,1468,silk,silk
繰,1469,winding,spin
継,1470,inherit,inherit
緑,1471,green,green
縁,1472,affinity,connected by fate
網,1473,netting,net
緊,1474,tense,tense
紫,1475,purple,purple
縛,1476,truss,tie up
縄,1477,straw rope,rope
幼,1478,infancy,very young
後,1479,behind,after
幽,1480,faint,faint
幾,1481,how many,how many
機,1482,mechanism,machine
畿,1483,capital suburbs,territories near the capital
玄,1484,mysterious,dark and mysterious
畜,1485,livestock,livestock
蓄,1486,amass,store a large amount
弦,1487,bowstring,string (of an instrument)
擁,1488,hug,hug
滋,1489,nourishing,nourishing
慈,1490,mercy,mercy
磁,1491,magnet,magnetic
系,1492,lineage,lineage
係,1493,person in charge,be involved with
孫,1494,grandchild,grandchild
懸,1495,suspend,hang (figuratively)
遜,1496,modest,modest
却,1497,instead,repel
脚,1498,shins,leg
卸,1499,wholesale,wholesale
御,1500,honorable,honorable
服,1501,clothing,clothes
命,1502,fate,continued existence
令,1503,orders,orders
零,1504,zero,zero
齢,1505,age,age
冷,1506,cool,cold (to the touch)
領,1507,jurisdiction,territory
鈴,1508,small bell,bell
勇,1509,courage,courage
湧,1510,bubble up,spring forth
通,1511,traffic,pass through
踊,1512,jump,dance
疑,1513,doubt,doubt
擬,1514,mimic,imitate
凝,1515,congeal,thicken
範,1516,pattern,exemplar
犯,1517,crime,perpetrator
氾,1518,widespread,widespread
厄,1519,unlucky,unlucky
危,1520,dangerous,dangerous
宛,1521,address,addressed to
腕,1522,arm,arm
苑,1523,garden,man-made garden
怨,1524,grudge,hateful grudge
柳,1525,willow,willow tree
卵,1526,egg,egg
留,1527,detain,hold in place
瑠,1528,marine blue,marine blue
貿,1529,trade,trade
印,1530,stamp,stamp
臼,1531,mortar,mortar (a hollow cup)
毀,1532,break,demolish
興,1533,entertain,vitalize
酉,1534,sign of the bird,sign of the bird
酒,1535,sake,alcoholic drink
酌,1536,bartending,bartending
酎,1537,hooch,hooch
酵,1538,fermentation,fermentation
酷,1539,cruel,cruel
酬,1540,repay,repay
酪,1541,dairy products,dairy products
酢,1542,vinegar,vinegar
酔,1543,drunk,drunk
配,1544,distribute,hand out
酸,1545,acid,acid
猶,1546,waver,still more
尊,1547,revered,esteem
豆,1548,beans,bean
頭,1549,head,head
短,1550,short,short
豊,1551,bountiful,plentiful
鼓,1552,drum,drum
喜,1553,rejoice,joy
樹,1554,timber-trees,deeply rooted tree
皿,1555,dish,dish
血,1556,blood,blood
盆,1557,basin,basin
盟,1558,alliance,ally
盗,1559,steal,steal
温,1560,warm,warm (to the touch)
蓋,1561,lid,lid
監,1562,oversee,supervise
濫,1563,overflow,excessive
鑑,1564,specimen,expert opinion
藍,1565,indigo,indigo
猛,1566,fierce,fierce
盛,1567,boom,a heap of
塩,1568,salt,salt
銀,1569,silver,silver
恨,1570,resentment,resent
根,1571,root,root
即,1572,instant,instant
爵,1573,baron,baron
節,1574,node,joint
退,1575,retreat,retreat
限,1576,limit,limit
眼,1577,eyeball,eyeball
良,1578,good,good
朗,1579,melodious,bright and clear
浪,1580,wandering,wandering
娘,1581,daughter,daughter
食,1582,eat,eat
飯,1583,meal,meal
飲,1584,drink,drink
飢,1585,hungry,hunger
餓,1586,starve,starved
飾,1587,decorate,decorate
餌,1588,feed,animal food
館,1589,Bldg.,public building
餅,1590,mochi,mochi (a sticky rice cake)
養,1591,foster,support growth
飽,1592,sated,be full and have enough
既,1593,previously,already
概,1594,outline,approximate
慨,1595,rue,stirring
平,1596,even,flat
呼,1597,call,call
坪,1598,two-mat area,two-mat area
評,1599,evaluate,evaluate
刈,1600,reap,trim
刹,1601,moment,pagoda
希,1602,hope,dilute
凶,1603,villain,bad luck
胸,1604,bosom,chest
離,1605,detach,physical distance
璃,1606,crystal,crystal
殺,1607,kill,kill
爽,1608,bracing,refreshing
純,1609,genuine,pure
頓,1610,immediate,immediate
鈍,1611,dull,dull
辛,1612,spicy,spicy
辞,1613,resign,resign
梓,1614,catalpa,catalpa
宰,1615,superintend,primary supervisor
壁,1616,wall,wall
璧,1617,holed gem,gem with a hole in the center
避,1618,evade,avoid
新,1619,new,new
薪,1620,firewood,firewood
親,1621,parent,parent
幸,1622,happiness,happiness
執,1623,tenacious,devoted
摯,1624,clasp,clasp
報,1625,report,report
叫,1626,shout,shout
糾,1627,twist,twist
収,1628,income,obtain
卑,1629,lowly,vulgar
碑,1630,tombstone,monument with an inscription
陸,1631,land,land
睦,1632,intimate,friendly
勢,1633,forces,vigor
熱,1634,heat,heat
菱,1635,diamond,diamond shape
陵,1636,mausoleum,mausoleum
亥,1637,sign of the hog,sign of the boar
核,1638,nucleus,nucleus
刻,1639,engrave,carve into
該,1640,above-stated,above-stated
骸,1641,remains,remains
劾,1642,censure,censure
述,1643,mention,statement
術,1644,art,technique
寒,1645,cold,cold
塞,1646,block up,blockage
醸,1647,brew,brew
譲,1648,defer,concede
壌,1649,lot,lot
嬢,1650,lass,young lady
毒,1651,poison,poison
素,1652,elementary,elementary
麦,1653,barley,wheat
青,1654,blue,blue
精,1655,refined,spirit (of life)
請,1656,solicit,formally request
情,1657,feelings,emotion
晴,1658,clear up,clear up
清,1659,pure,clean
静,1660,quiet,quiet
責,1661,blame,responsibility
績,1662,exploits,achievements
積,1663,volume,pile up and accumulate
債,1664,bond,financial bond
漬,1665,pickling,pickle (something)
表,1666,surface,front side
俵,1667,bag,straw bag
潔,1668,undefiled,undefiled
契,1669,pledge,pledge
喫,1670,consume,consume
害,1671,harm,harm
轄,1672,control,administration
割,1673,proportion,divide
憲,1674,constitution,constitution
生,1675,life,life
星,1676,star,star
醒,1677,awakening,awakening
姓,1678,surname,surname
性,1679,sex,nature (of a person)
牲,1680,animal sacrifice,offering
産,1681,products,give birth
隆,1682,hump,be in abundance
峰,1683,summit,peak
蜂,1684,bee,bee
縫,1685,sew,sew
拝,1686,worship,worship
寿,1687,longevity,lifespan
鋳,1688,casting,casting
籍,1689,enroll,registry
春,1690,springtime,spring
椿,1691,camellia,camellia
泰,1692,peaceful,Thailand
奏,1693,play music,play music
実,1694,reality,real
奉,1695,dedicate,dedicate
俸,1696,stipend,stipend
棒,1697,rod,rod
謹,1698,discreet,respectful
僅,1699,trifle,trifle
勤,1700,diligence,devotion to work
漢,1701,Sino-,Chinese
嘆,1702,sigh,lament
難,1703,difficult,difficult
華,1704,splendor,flashy flower
垂,1705,droop,droop
唾,1706,saliva,saliva
睡,1707,drowsy,be asleep
錘,1708,spindle,spindle
乗,1709,ride,ride
剰,1710,surplus,surplus
今,1711,now,now
含,1712,include,include
貪,1713,covet,covet
吟,1714,versify,recite in a singing voice
念,1715,wish,a sense of
捻,1716,wrench,wrenching
琴,1717,harp,harp
陰,1718,shade,unseen location
予,1719,beforehand,in advance
序,1720,preface,preface
預,1721,deposit,deposit (in someone's care)
野,1722,plains,field
兼,1723,concurrently,concurrently
嫌,1724,dislike,dislike
鎌,1725,sickle,sickle
謙,1726,self-effacing,humble
廉,1727,bargain,bargain
西,1728,west,west
価,1729,value,value
要,1730,need,needed
腰,1731,loins,waist
票,1732,ballot,vote
漂,1733,drift,drift
標,1734,signpost,signpost
栗,1735,chestnut,chestnut
慄,1736,shudder,shudder
遷,1737,transition,transition
覆,1738,capsize,overturn
煙,1739,smoke,smoke
南,1740,south,south
楠,1741,camphor tree,camphor tree
献,1742,offering,donate
門,1743,gates,gate
問,1744,question,question
閲,1745,review,review (of a document)
閥,1746,clique,clique
間,1747,interval,interval
闇,1748,pitch dark,pitch-black darkness
簡,1749,simplicity,simple
開,1750,open,open
閉,1751,closed,closed
閣,1752,tower,tall building
閑,1753,leisure,time of leisure
聞,1754,hear,hear
潤,1755,wet,soaked
欄,1756,column,column (in a newspaper)
闘,1757,fight,fight to win
倉,1758,godown,long-term warehouse
創,1759,genesis,to originate
非,1760,un-,go against
俳,1761,haiku,haiku
排,1762,repudiate,discharge
悲,1763,sad,sad
罪,1764,guilt,sin
輩,1765,comrade,comrade
扉,1766,front door,front door
侯,1767,marquis,marquis
喉,1768,throat,throat
候,1769,climate,season
決,1770,decide,decide
快,1771,cheerful,pleasant
偉,1772,admirable,great
違,1773,difference,different therefore wrong
緯,1774,horizontal,latitude
衛,1775,defense,defend
韓,1776,Korea,Korea
干,1777,dry,left to dry
肝,1778,liver,liver
刊,1779,publish,publish
汗,1780,sweat,sweat
軒,1781,flats,counter for houses
岸,1782,beach,coast
幹,1783,tree trunk,trunk
芋,1784,potato,potato
宇,1785,eaves,space
余,1786,too much,be in excess
除,1787,exclude,exclude
徐,1788,gradually,gradually
叙,1789,confer,describe
途,1790,route,route
斜,1791,diagonal,diagonal
塗,1792,paint,paint
束,1793,bundle,bundle
頼,1794,trust,rely on
瀬,1795,rapids,rapids
勅,1796,imperial order,imperial order
疎,1797,alienate,sparse
辣,1798,bitter,bitter
速,1799,quick,fast
整,1800,organize,put in order
剣,1801,saber,sword
険,1802,precipitous,risky and steep
検,1803,examination,examine
倹,1804,frugal,frugal
重,1805,heavy,heavy
動,1806,move,move
腫,1807,tumor,become swollen
勲,1808,meritorious deed,meritorious deed
働,1809,work,work
種,1810,species,seed
衝,1811,collide,collide
薫,1812,fragrant,fragrant herb
病,1813,ill,illness
痴,1814,stupid,stupid
痘,1815,pox,smallpox
症,1816,symptoms,medical condition
瘍,1817,carbuncle,carbuncle
痩,1818,lose weight,lose weight
疾,1819,rapidly,rapidly
嫉,1820,envy,hateful jealousy
痢,1821,diarrhea,diarrhea
痕,1822,scar,scar
疲,1823,tired,tired
疫,1824,epidemic,epidemic
痛,1825,pain,pain
癖,1826,mannerism,habit
匿,1827,hide,hide
匠,1828,artisan,craft
医,1829,doctor,medical
匹,1830,equal,small animal
区,1831,ward,district
枢,1832,hinge,hinge
殴,1833,assault,punch
欧,1834,Europe,Europe
抑,1835,repress,suppress
仰,1836,faceup,look up to
迎,1837,welcome,welcome
登,1838,ascend,climb
澄,1839,lucidity,clear
発,1840,discharge,let out
廃,1841,abolish,unused
僚,1842,colleague,colleague
瞭,1843,obvious,unambiguous
寮,1844,dormitory,dormitory
療,1845,heal,therapy
彫,1846,carve,carve
形,1847,shape,shape
影,1848,shadow,shadow
杉,1849,cedar,cedar
彩,1850,coloring,color scheme
彰,1851,patent,show publicly
彦,1852,lad,lad
顔,1853,face,face
須,1854,ought,necessary
膨,1855,swell,bulge
参,1856,visit,admit defeat
惨,1857,wretched,misery
修,1858,discipline,discipline (of study)
珍,1859,rare,unusual
診,1860,checkup,diagnose
文,1861,sentence,written sentence
対,1862,vis-a-vis,opposite
紋,1863,family crest,crest (often of a family)
蚊,1864,mosquito,mosquito
斑,1865,speckled,spot
斉,1866,adjusted,simultaneously
剤,1867,dose,chemical substance
済,1868,finish,settle
斎,1869,purification,religious purification
粛,1870,solemn,restraint
塁,1871,bases,base
楽,1872,music,comfort
薬,1873,medicine,medicine
率,1874,ratio,ratio
渋,1875,astringent,bitter
摂,1876,vicarious,absorb (nutrients or knowledge)
央,1877,center,center
英,1878,England,England
映,1879,reflect,reflect
赤,1880,red,red
赦,1881,pardon,pardon
変,1882,unusual,change
跡,1883,tracks,traces (of something moving or being done)
蛮,1884,barbarian,savage
恋,1885,romance,romantic love
湾,1886,gulf,gulf
黄,1887,yellow,yellow
横,1888,sideways,sideways
把,1889,grasp,grasp
色,1890,color,color
絶,1891,discontinue,cut off
艶,1892,glossy,glossy
肥,1893,fertilizer,fertilizer
甘,1894,sweet,sweet
紺,1895,navy blue,navy blue
某,1896,so-and-so,known but unnamed
謀,1897,conspire,conspire
媒,1898,mediator,mediator
欺,1899,deceit,deceive
棋,1900,chess piece,chess piece
旗,1901,national flag,flag
期,1902,period,period (of time)
碁,1903,Go,Go (the game)
基,1904,fundamentals,fundamental
甚,1905,tremendously,tremendously
勘,1906,intuition,intuition
堪,1907,withstand,endure
貴,1908,precious,noble
遺,1909,bequeath,legacy
遣,1910,dispatch,use (something intangible)
潰,1911,defile,crush
舞,1912,dance,traditional dance
無,1913,nothingness,nothing
組,1914,association,organized group
粗,1915,coarse,rough
租,1916,tariff,tariff
狙,1917,aim at,aim at
祖,1918,ancestor,grandparent
阻,1919,thwart,get in one's way
査,1920,investigate,inspect
助,1921,help,help
宜,1922,best regards,best regards
畳,1923,tatami mat,tatami mat
並,1924,row,line up
普,1925,universal,normal
譜,1926,musical score,record
湿,1927,damp,moisture
顕,1928,appear,appear
繊,1929,slender,fiber-like
霊,1930,spirits,ghost
業,1931,profession,business
撲,1932,slap,hit (with a blunt object)
僕,1933,me,me (boyish)
共,1934,together,together
供,1935,submit,offer
異,1936,uncommon,different
翼,1937,wing,wing
戴,1938,accept humbly,accept humbly
洪,1939,deluge,flood
港,1940,harbor,port
暴,1941,outburst,outburst
爆,1942,bomb,explosion
恭,1943,respect,respectful
選,1944,elect,select
殿,1945,Mr.,palace
井,1946,well,a well
丼,1947,donburi,rice bowl
囲,1948,surround,surround
耕,1949,till,plow (the soil)
亜,1950,Asia,Asia
悪,1951,bad,bad
円,1952,circle,one yen coin
角,1953,angle,angle
触,1954,contact,touch
解,1955,unravel,unravel
再,1956,again,one more time
講,1957,lecture,lecture
購,1958,subscription,subscribe
構,1959,posture,be concerned about
溝,1960,gutter,ditch
論,1961,argument,argument
倫,1962,ethics,moral principles
輪,1963,wheel,ring
偏,1964,partial,biased
遍,1965,everywhere,everywhere
編,1966,compilation,knit together
冊,1967,tome,volume (of a book)
柵,1968,palisade,palisade
典,1969,code,canon
氏,1970,family name,family name
紙,1971,paper,paper
婚,1972,marriage,marriage
低,1973,lower,low
抵,1974,resist,resist
底,1975,bottom,bottom
民,1976,people,people
眠,1977,sleep,to sleep
捕,1978,catch,capture
哺,1979,suckle,suckle
浦,1980,bay,bay
蒲,1981,bullrush,cattail (a type of plant)
舗,1982,shop,store
補,1983,supplement,supplementary
邸,1984,residence,residence
郭,1985,enclosure,enclosure
郡,1986,county,county
郊,1987,outskirts,outskirts
部,1988,section,section
都,1989,metropolis,metropolis
郵,1990,mail,mail
邦,1991,home country,home country
那,1992,interrogative,na!
郷,1993,hometown,hometown
響,1994,echo,echo
郎,1995,son,young guy
廊,1996,corridor,corridor
盾,1997,shield,shield
循,1998,sequential,sequential
派,1999,faction,belonging to a group
脈,2000,vein,vein
衆,2001,masses,a lot of people
逓,2002,parcel post,parcel post
段,2003,grade,step
鍛,2004,forge,forge
后,2005,empress,empress
幻,2006,phantasm,illusion
司,2007,director,boss
伺,2008,pay respects,inquire (humble)
詞,2009,parts of speech,part of speech
飼,2010,domesticate,keep a pet
嗣,2011,heir,heir
舟,2012,boat,boat
舶,2013,liner,oceangoing ship
航,2014,navigate,navigation
舷,2015,gunwale,gunwale
般,2016,carrier,as any other
盤,2017,tray,plate
搬,2018,conveyor,haul
船,2019,ship,ship
艦,2020,warship,warship
艇,2021,rowboat,rowboat
瓜,2022,melon,melon
弧,2023,arc,arc
孤,2024,orphan,orphan
繭,2025,cocoon,cocoon
益,2026,benefit,benefit
暇,2027,spare time,free time
敷,2028,spread,spread out
来,2029,come,come
気,2030,spirit,state of mind
汽,2031,vapor,steam
飛,2032,fly,fly
沈,2033,sink,sink
枕,2034,pillow,pillow
妻,2035,wife,wife
凄,2036,nifty,amazing
衰,2037,decline,decline
衷,2038,inmost,inmost
面,2039,mask,surface
麺,2040,noodles,noodles
革,2041,leather,leather
靴,2042,shoes,shoes
覇,2043,hegemony,supremacy
声,2044,voice,voice
眉,2045,eyebrow,eyebrow
呉,2046,give,give
娯,2047,recreation,recreation
誤,2048,mistake,error
蒸,2049,steam,steamy
承,2050,acquiesce,to be told
函,2051,bin,shipping box
極,2052,poles,extreme
牙,2053,tusk,fang
芽,2054,bud,bud
邪,2055,wicked,wicked
雅,2056,gracious,refined
釈,2057,interpretation,explanation
番,2058,turn,place in a series
審,2059,hearing,explain in detail
翻,2060,flip,flip over
藩,2061,clan,feudal clan
毛,2062,fur,fur
耗,2063,decrease,decrease
尾,2064,tail,tail
宅,2065,home,home
託,2066,consign,entrust
為,2067,do,for the sake of
偽,2068,falsehood,fake
畏,2069,apprehensive,apprehensive
長,2070,long,long
張,2071,lengthen,lengthen
帳,2072,notebook,notebook
脹,2073,dilate,dilate
髪,2074,hair of the head,hair
展,2075,unfold,exhibit
喪,2076,miss,loss of something dear
巣,2077,nest,nest
単,2078,simple,single
戦,2079,war,war
禅,2080,Zen,Zen
弾,2081,bullet,bullet
桜,2082,cherry tree,cherry tree
獣,2083,animal,beast
脳,2084,brain,brain
悩,2085,trouble,worry
厳,2086,stern,strict
鎖,2087,chain,chain
挙,2088,raise,raise and present
誉,2089,reputation,honor
猟,2090,game hunting,hunt wildlife
鳥,2091,bird,bird
鳴,2092,chirp,to ring
鶴,2093,crane,crane
烏,2094,crow,crow
蔦,2095,vine,vine
鳩,2096,pigeon,pigeon
鶏,2097,chicken,chicken
島,2098,island,island
暖,2099,warmth,warm
媛,2100,beautiful woman,woman of noble birth
援,2101,abet,assist
緩,2102,slacken,become loose
属,2103,belong,belong to
嘱,2104,entrust,request
偶,2105,accidentally,occasional
遇,2106,interview,encounter
愚,2107,foolish,foolish
隅,2108,corner,corner (of a room)
逆,2109,inverted,reverse
塑,2110,model,take form
遡,2111,go upstream,go upstream
岡,2112,Mount,rising ground
鋼,2113,steel,steel
綱,2114,hawser,sumo belt
剛,2115,sturdy,sturdy
缶,2116,tin can,tin can
陶,2117,pottery,pottery
揺,2118,swing,shake
謡,2119,Noh chanting,noh chanting
鬱,2120,gloom,low spirits
就,2121,concerning,set about
蹴,2122,kick,kick
懇,2123,sociable,sincere
墾,2124,groundbreaking,groundbreaking
貌,2125,countenance,facial features
免,2126,excuse,be exempt
逸,2127,elude,deviate (from something)
晩,2128,nightfall,evening (after sunset)
勉,2129,exertion,try hard
象,2130,elephant,elephant
像,2131,statue,statue
馬,2132,horse,horse
駒,2133,pony,chess piece
験,2134,verification,verification
騎,2135,equestrian,horseman
駐,2136,parking,stop and park
駆,2137,drive,to dash
駅,2138,station,train station
騒,2139,boisterous,make noise
駄,2140,burdensome,low quality
驚,2141,wonder,surprise
篤,2142,fervent,fervent
罵,2143,insult,insult
騰,2144,inflation,inflation
虎,2145,tiger,tiger
虜,2146,captive,captive
膚,2147,skin,skin (medical)
虚,2148,void,without a physical form
戯,2149,frolic,playful
虞,2150,uneasiness,uneasiness
慮,2151,prudence,consider carefully
劇,2152,drama,drama
虐,2153,tyrannize,oppress
鹿,2154,deer,deer
麓,2155,foot of a mountain,foot of a mountain
薦,2156,recommend,recommend (something or someone)
慶,2157,jubilation,congratulate
麗,2158,lovely,lovely
熊,2159,bear,bear
能,2160,ability,ability
態,2161,attitude,seems like
寅,2162,sign of the tiger,sign of the tiger
演,2163,performance,performance
辰,2164,sign of the dragon,sign of the dragon
辱,2165,embarrass,disgrace
震,2166,quake,tremors
振,2167,shake,to wave
娠,2168,with child,be pregnant
唇,2169,lips,lips
農,2170,agriculture,farming
濃,2171,concentrated,thick (consistency)
送,2172,send off,send something
関,2173,connection,connected to
咲,2174,blossom,blossom
鬼,2175,ghost,oni
醜,2176,ugly,ugly
魂,2177,soul,soul
魔,2178,witch,demon
魅,2179,fascination,charm
塊,2180,clod,lump
襲,2181,attack,assault
嚇,2182,upbraid,intimidate
朕,2183,majestic plural,majestic plural
雰,2184,atmosphere,atmosphere
箇,2185,item,item
錬,2186,tempering,temper
遵,2187,abide by,conform
罷,2188,quit,to cease
屯,2189,barracks,barracks
且,2190,moreover,there is more
藻,2191,seaweed,seaweed
隷,2192,slave,slave
癒,2193,healing,heal
璽,2194,imperial seal,imperial seal
潟,2195,lagoon,lagoon
丹,2196,cinnabar,rust colored
丑,2197,sign of the cow,sign of the cow
羞,2198,humiliate,embarrassment
卯,2199,sign of the hare,sign of the hare
巳,2200,sign of the snake,sign of the snake
此,2201,this here,this here
柴,2202,brushwood,brushwood
些,2203,whit,whit
砦,2204,fort,fort
髭,2205,beard,beard
禽,2206,fowl,fowl
檎,2207,apple,apple
憐,2208,sympathize with,sympathize with
燐,2209,phosphorus,phosphorus
麟,2210,camelopard,camelopard
鱗,2211,scaled,scaled
奄,2212,encompassing,obstruct (by covering)
庵,2213,hermitage,hermitage
掩,2214,shrouded,concealed
悛,2215,make amends,make amends
駿,2216,steed,excellent horse
峻,2217,steep,steep mountain
竣,2218,complete a job,complete a job
犀,2219,rhinoceros,rhinoceros
皐,2220,lunar month,lunar month
畷,2221,rice-field footpath,rice-field footpath
綴,2222,mend,mend
鎧,2223,suit of armor,suit of armor
凱,2224,triumph,triumph
呑,2225,quaff,swallow whole
韮,2226,leek,leek
籤,2227,lottery,lottery
懺,2228,penitential,penitential
芻,2229,hay,hay
雛,2230,chick,chick
趨,2231,scurry,run towards
尤,2232,understandably,plausible
厖,2233,immense,immense
或,2234,a  (a certain),a certain
兎,2235,rabbit,rabbit
也,2236,est,to be (archaic)
巴,2237,comma-design,swirly pattern
疋,2238,critters,small animal (archaic)
菫,2239,violet,violet
曼,2240,mandala,mandala
云,2241,quote,quote
莫,2242,shalt,want not
而,2243,and then,and then
倭,2244,Yamato,Yamato
侠,2245,chivalry,chivalry
倦,2246,fed up,be tired of and have enough
俄,2247,abrupt,abrupt
佃,2248,work a field,work a field
仔,2249,animal offspring,animal offspring
仇,2250,foe,foe
伽,2251,look after,look after
儲,2252,make a profit,make a profit
僑,2253,emigrant,emigrant
倶,2254,mate,mate
侃,2255,forthright,integrity
偲,2256,memorial,memorial
侭,2257,as is,as is
脩,2258,dried meat,dried meat
倅,2259,my son,my son
做,2260,make do,make do
冴,2261,sharp,clarity
凋,2262,wilt,wilt
凌,2263,pull through,pull through
凛,2264,stately,stately
凧,2265,kite,kite
凪,2266,lull,lull
夙,2267,earlybird,earlybird
鳳,2268,phoenix,phoenix
剽,2269,menace,threat
劉,2270,slaughter,slaughter
剃,2271,shave,shave
厭,2272,despondent,be bored of and have enough
雁,2273,wild goose,wild goose
贋,2274,counterfeit,counterfeit
厨,2275,kitchen,kitchen
仄,2276,insinuate,insinuate
哨,2277,scout,scout
咎,2278,reprehend,reprehend
囁,2279,whisper,whisper
喋,2280,chatter,chat
嘩,2281,quarrel,quarrel
噂,2282,gossip,rumor
咳,2283,cough,cough
喧,2284,clamor,noisy
叩,2285,bash,hit (with a hand)
嘘,2286,fib,lie
啄,2287,peck at,peck at
吠,2288,barking,barking
吊,2289,dangle,dangle
噛,2290,chew,bite
叶,2291,within my ability,become true (a wish or a prayer)
吻,2292,sides of the mouth,sides of the mouth
吃,2293,stammer,stammer
噺,2294,spin a tale,spin a tale
噌,2295,miso,miso
邑,2296,city walls,city walls
呆,2297,dumbfounded,dumbfounded
喰,2298,ingest,feed on (something)
埴,2299,clay,clay
坤,2300,authochthonous,authochthonous
壕,2301,dugout,trench (not filled with water)
垢,2302,blemish,filth
坦,2303,flat,even
埠,2304,wharf,wharf
堰,2305,dam,dam
堵,2306,railing,railing
嬰,2307,suckling infant,suckling infant
姦,2308,violate,violate
婢,2309,handmaiden,handmaiden
婉,2310,well finished,graceful
娼,2311,harlot,whore
妓,2312,courtesan,courtesan
娃,2313,fair,fair
姪,2314,niece,niece
嬬,2315,mistress,mistress
姥,2316,aged woman,elderly woman
姑,2317,mother-in-law,mother-in-law
姐,2318,young miss,young miss
嬉,2319,overjoyed,delighted
孕,2320,expecting,be filled with
孜,2321,assiduous,assiduous
宥,2322,soothe,soothe
寓,2323,imply,imply
宏,2324,extensive,extensive
牢,2325,jail,jail
宋,2326,Sung dynasty,Sung dynasty
宍,2327,venison,venison
屠,2328,butchering,butcher
屁,2329,fart,fart
屑,2330,rubbish,rubbish
屡,2331,frequently,frequently
屍,2332,corpse,corpse
屏,2333,folding screen,folding screen
嵩,2334,high-reaching,high-reaching
崚,2335,rugged mountains,rugged mountains
嶺,2336,mountaintop,mountain ridge
嵌,2337,fit into,fit into
帖,2338,quire,quire
幡,2339,banner,banner
幟,2340,pennant,pennant
庖,2341,cleaver,cleaver
廓,2342,licensed quarters,licensed quarters
庇,2343,overhang,overhang
鷹,2344,hawk,hawk
庄,2345,shire,manor
廟,2346,tomb sanctuary,tomb sanctuary
彊,2347,strengthen,strengthen
弛,2348,loosen,relax (tension)
粥,2349,rice gruel,rice gruel
挽,2350,lathe,lathe
撞,2351,bump into,bump into
扮,2352,disguise,disguise
捏,2353,fabrication,knead
掴,2354,clutch,grab
捺,2355,impress,impress into
掻,2356,scratch,to scratch
撰,2357,assortment,compilation
揃,2358,muster,make a full set
捌,2359,deal with,deal with
按,2360,press down on,press down on
播,2361,disseminate,disseminate
揖,2362,collect,interpretation
托,2363,receptacle,receptable
捧,2364,devote,dedicate with both hands
撚,2365,twirl,twirl
挺,2366,counter for tools,counter for tools
擾,2367,commotion,commotion
撫,2368,petting,petting
撒,2369,sprinkle,sprinkle
擢,2370,outstanding,outstanding
摺,2371,rubbing,rub and leave material
捷,2372,spoils,spoils
抉,2373,gouge out,take out what's buried inside
怯,2374,wince,recoil in fear
惟,2375,ponder,ponder
惚,2376,infatuation,fall in love
怜,2377,quickwitted,quickwitted
惇,2378,considerate,considerate
恰,2379,as if,as if
恢,2380,enlarge,enlarge
悌,2381,respect for elders,respect for elders
澪,2382,canal,canal
洸,2383,glistening,glistening
滉,2384,bounding main,bounding main
漱,2385,gargle,gargle
洲,2386,continent,sandbank
洵,2387,swirling waters,swirling waters
滲,2388,seep,seep
洒,2389,rinse,rinse
沐,2390,douse,douse
泪,2391,teardrops,teardrops
渾,2392,gushing,gushing
涜,2393,blaspheme,desecrate
梁,2394,roofbeam,roof beam
澱,2395,sediment,sediment
洛,2396,old Kyoto,old capital
汝,2397,thou,thou
漉,2398,filter,filter
瀕,2399,on the verge of,on the verge of
濠,2400,moat,trench (filled with water)
溌,2401,spray,spray
湊,2402,port,piece together
淋,2403,solitude,solitude
浩,2404,abounding,vast and great
汀,2405,water’s edge,water’s edge
鴻,2406,large goose,large goose
潅,2407,souse,souse
溢,2408,brimming,overflow
湛,2409,inundate,inundate
淳,2410,immaculate,immaculate
渥,2411,moisten,moisten
灘,2412,rough seas,rough seas
汲,2413,draw water,draw water
瀞,2414,river pool,river pool
溜,2415,cumulation,accumulate
渕,2416,abyss,abyss
沌,2417,chaos,primeval chaos
濾,2418,strainer,strainer
濡,2419,drench,get wet
淀,2420,eddy,stagnate
涅,2421,black soil,fabrication
斧,2422,hatchet,hatchet
爺,2423,grandpa,old geezer
猾,2424,sly,sly
猥,2425,indecent,indecent
狡,2426,cunning,cunning
狸,2427,racoon dog,racoon dog
狼,2428,wolf,wolf
狽,2429,flustered,lose one's presence of mind
狗,2430,pup,pup
狐,2431,fox,fox
狛,2432,a-un,a-un
獅,2433,lion,lion
狒,2434,baboon,baboon
莨,2435,tobacco,tobacco
茉,2436,jasmine,jasmine
莉,2437,hawthorn,hawthorn
苺,2438,strawberry,strawberry
萩,2439,bush clover,bush clover
藝,2440,technique (old),art [old]
薙,2441,trim,mow down
蓑,2442,straw raincoat,straw raincoat
苔,2443,moss,moss
蕩,2444,prodigal,prodigal
蔓,2445,tendril,tendril
蓮,2446,lotus,lotus (a type of flower)
芙,2447,lotus flower,lotus flower
蓉,2448,lotus blossom,lotus blossom
蘭,2449,orchid,orchid
芦,2450,hollow reed,hollow reed
薯,2451,yam,yam
菖,2452,iris,iris (flower)
蕉,2453,banana,banana
蕎,2454,buckwheat,buckwheat
蕗,2455,butterbur,butterbur
茄,2456,eggplant,eggplant
蔭,2457,behind the scenes,shaded by grass
蓬,2458,wormwood,wormwood
芥,2459,mustard,trash
萌,2460,germinate,sprout
葡,2461,grape,grape
萄,2462,grape vine,grape vine
蘇,2463,resurrect,resurrect
蕃,2464,grow wild,grow wild
苓,2465,cocklebur,cocklebur
菰,2466,rush mat,rush mat
蒙,2467,darken,ignorance
茅,2468,grassy reed,grassy reed
芭,2469,plantain,plantain
苅,2470,mow,trim grass
葱,2471,onion,onion
葵,2472,hollyhock,hollyhock
葺,2473,shingling,shingling
蕊,2474,stamen,stamen
茸,2475,mushroom,mushroom
蒔,2476,sowing,sow seeds
芹,2477,parsley,parsley
苫,2478,thatching,thatching
蒼,2479,pale blue,pale blue
藁,2480,straw,straw
蕪,2481,turnip,turnip
藷,2482,sweet potato,sweet potato
薮,2483,quack,quack
蒜,2484,garlic,garlic
蕨,2485,bracken,bracken
蔚,2486,grow plentiful,grow plentiful
茜,2487,madder red,madder red
莞,2488,candle rush,smile sweetly
蒐,2489,collector,collector
菅,2490,sedge,sedge (a type of plant)
葦,2491,ditch reed,ditch reed
迪,2492,Way,road to enlightenment
辿,2493,track down,track down
這,2494,crawl,crawl
迂,2495,detour,detour
遁,2496,shirk,elude
逢,2497,tryst,meet face-to-face
遥,2498,far off,far off
遼,2499,faraway,remote
逼,2500,pressing,pressing
迄,2501,until,until
逗,2502,standstill,standstill
鄭,2503,courtesy,courtesy
隕,2504,falling,meteorite
隈,2505,nook,nook
憑,2506,possessed,possessed
惹,2507,attract,attract
悉,2508,without exception,without exception
忽,2509,instantaneously,instantaneously
惣,2510,firstborn son,firstborn son
愈,2511,in the nick of time,in the nick of time
恕,2512,sensitive,sensitive
昴,2513,overarching,overarching
晋,2514,progress,Jin dynasty
晟,2515,aglow,aglow
暈,2516,halo,halo
暉,2517,glitter,glitter
旱,2518,dry weather,dry weather
晏,2519,clear skies,clear skies
晨,2520,morrow,morrow
晒,2521,bleaching,bleaching
晃,2522,limpid,sun rays
曝,2523,air out,exposure
曙,2524,dawn,daybreak
昂,2525,elevate,get worked up
昏,2526,dusk,lose consciousness
晦,2527,last day of the month,last day of the month
膿,2528,pus,pus
腑,2529,viscera,viscera
胱,2530,bladder,bladder
胚,2531,embryo,embryo
肛,2532,anus,anal
脆,2533,fragile,fragile
肋,2534,rib,rib
腔,2535,body cavity,body cavity
肱,2536,armrest,armrest
胡,2537,uncivilized,ancient barbarian
楓,2538,maple tree,maple tree
楊,2539,purple willow,purple willow
椋,2540,Oriental elm,Oriental elm
榛,2541,hazel,hazel (a type of small tree)
櫛,2542,comb,comb
槌,2543,wooden hammer,wooden hammer
樵,2544,mallet,mallet
梯,2545,ladder,ladder
柑,2546,citrus tree,citrus tree
杭,2547,picket,picket
柊,2548,holly,holly
柚,2549,citron,citron
椀,2550,wooden bowl,wooden bowl
栂,2551,hemlock,hemlock
柾,2552,spindle tree,spindle tree
榊,2553,sacred tree,sacred tree
樫,2554,evergreen oak,evergreen oak
槙,2555,black pine,Chinese black pine
楢,2556,Japanese oak,Japanese oak
橘,2557,mandarin orange,mandarin orange
桧,2558,Japanese cypress,Japanese cypress
棲,2559,roost,inhabit
栖,2560,nestle,inhabit a nest
桔,2561,bellflower,bellflower
杜,2562,temple grove,temple grove
杷,2563,grain rake,farmer's rake
梶,2564,oar,oar
杵,2565,wooden pestle,wooden pestle
杖,2566,cane,cane
樽,2567,barrel,barrel
櫓,2568,turret,watchtower (with archers)
橿,2569,sturdy oak,sturdy oak
杓,2570,wooden ladle,wooden ladle
李,2571,damson,plum
棉,2572,raw cotton,raw cotton
楯,2573,escutcheon,wooden shield
榎,2574,hackberry,hackberry
樺,2575,birch,birch
槍,2576,lance,spear
柘,2577,wild mulberry,wild mulberry
梱,2578,bale,bale
枇,2579,loquat,loquat
樋,2580,downspout,downspout
橇,2581,sled,sled
槃,2582,enjoyment,enjoyment
栞,2583,bookmark,bookmark
椰,2584,coconut tree,coconut tree
檀,2585,sandalwood,sandalwood
樗,2586,sumac,plotosid
槻,2587,zelkova,zelkova
椙,2588,cryptomeria,cryptomeria
彬,2589,copious,copious
桶,2590,bucket,bucket
楕,2591,ellipse,ellipse
樒,2592,star-anise,star-anise
毬,2593,furball,furball
燿,2594,twinkle,twinkle
燎,2595,watchfire,watchfire
炬,2596,torch,torch
焚,2597,kindle,kindle
灸,2598,moxa,moxa
煽,2599,fanning,fan flames
煤,2600,soot,soot
煉,2601,firing,refine over a flame
燦,2602,dazzling,brilliant
灼,2603,refulgent,refulgent
烙,2604,branding,branding
焔,2605,flames,flames
烹,2606,stew,stew
牽,2607,tug,tug
牝,2608,female animal,female animal
牡,2609,male animal,male animal
琳,2610,chime,chime
琉,2611,lapis lazuli,lapis lazuli
瑳,2612,burnish,burnish
琢,2613,hone,hone
珊,2614,coral,coral
瑚,2615,coral reef,coral reef
瑞,2616,fortunate,good omen
玖,2617,jet,jet
瑛,2618,crystal stone,crystal stone
玲,2619,tinkling,tinkling
畢,2620,lastly,lastly
畦,2621,paddy-field ridge,paddy-field ridge
痒,2622,itch,itch
痰,2623,phlegm,phlegm
疹,2624,measles,skin rash
痔,2625,hemorrhoids,hemorrhoids
癌,2626,cancer,cancer
痺,2627,paralysis,paralysis
眸,2628,apple of the eye,iris (of eye)
眩,2629,dizzy,dazzling
雉,2630,pheasant,pheasant
矩,2631,carpenter’s square,carpenter’s square
磐,2632,crag,large rock in which the gods dwell
碇,2633,grapnel,grapnel
碧,2634,blue-green,blue-green
硯,2635,inkstone,inkstone
砥,2636,grindstone,whetstone
碗,2637,teacup,teacup
碍,2638,obstacle,obstacle
碩,2639,illustrious,illustrious
磯,2640,rocky beach,rocky beach
砺,2641,whetstone,whetstone
碓,2642,mill,mill
禦,2643,fend off,fend off
祷,2644,beseech,beseech
祐,2645,ancestral tablet,ancestral tablet
祇,2646,local god,earthly god
祢,2647,ancestral shrine,ancestral shrine
禄,2648,salarium,salary
禎,2649,felicitation,felicitation
秤,2650,balancing scales,balancing scales
黍,2651,millet,millet
禿,2652,bald,bald
稔,2653,bear fruit,bear fruit
稗,2654,crabgrass,crabgrass
穣,2655,bumper crop,yielding abundantly
稜,2656,imperial authority,imperial authority
稀,2657,sparse,rare
穆,2658,obeisant,obeisant
窺,2659,peep,look through something narrow
窄,2660,tight,tight
穿,2661,drill,drill
竃,2662,kitchen stove,kitchen stove
竪,2663,longness,longness
颯,2664,rustling,rustling
站,2665,outpost,outpost
靖,2666,repose,repose
妾,2667,concubine,concubine
衿,2668,lapel,lapel
袷,2669,lined kimono,lined kimono
袴,2670,pleated skirt,hakama
襖,2671,sliding door,sliding door
笙,2672,Chinese panpipe,Chinese panpipe
筏,2673,raft,raft
簾,2674,bamboo blinds,bamboo blinds
箪,2675,rattan box,rattan box
竿,2676,pole,pole
箆,2677,spatula,spatula
箔,2678,foil,foil
笥,2679,wardrobe,wardrobe
箭,2680,arrow shaft,arrow shaft
筑,2681,ancient harp,ancient harp
篠,2682,slender bamboo,dwarf bamboo
纂,2683,redaction,redaction
竺,2684,bamboo cane,bamboo cane
箕,2685,winnowing fan,winnowing fan
笈,2686,backpack,backpack
篇,2687,livraison,livraison
筈,2688,should,should
簸,2689,winnow,winnow
粕,2690,settlings,settlings
糟,2691,lees,lees
糊,2692,paste,paste
籾,2693,unhulled rice,unhulled rice
糠,2694,rice bran,rice bran
糞,2695,excrement,shit
粟,2696,foxtail millet,foxtail millet
繋,2697,link up,link together
綸,2698,twine,twine
絨,2699,carpet yarn,carpet yarn
絆,2700,ties,ties
緋,2701,scarlet,scarlet
綜,2702,synthesis,synthesis
紐,2703,string,string
紘,2704,chinstrap,chinstrap
纏,2705,summarize,summarize
絢,2706,gorgeous,gorgeous
繍,2707,embroidery,embroidery
紬,2708,pongee,pongee
綺,2709,ornate,ornate
綾,2710,damask,design
絃,2711,catgut,catgut
縞,2712,stripe,stripe
綬,2713,gimp,gimp
紗,2714,gossamer,gauze
舵,2715,rudder,rudder
聯,2716,strung together,strung together
聡,2717,attentive,clever-witted
聘,2718,summons,summons
耽,2719,addiction,become engrossed (in something)
耶,2720,exclamation,exclamation
蚤,2721,flea,flea
蟹,2722,crab,crab
蛋,2723,protein,protein
蟄,2724,hibernation,hibernation
蝿,2725,housefly,housefly
蟻,2726,ant,ant
蝋,2727,wax,wax
蝦,2728,shrimp,shrimp
蛸,2729,octopus,octopus
螺,2730,screw,spiral
蝉,2731,cicada,cicada
蛙,2732,frog,frog
蛾,2733,moth,moth
蛤,2734,clam,clam
蛭,2735,leech,leech
蛎,2736,oyster,oyster
罫,2737,ruled lines,ruled lines
袈,2738,stole,stole
裟,2739,monk’s sash,monk’s sash
截,2740,incision,incision
哉,2741,I wonder,archaic exclamation mark
詢,2742,counsel,counsel
諄,2743,polite,wordy
讐,2744,vendetta,vendetta
諌,2745,remonstrate,remonstrate
諒,2746,verify,verify
讃,2747,compliment,compliment
訊,2748,query,query
訣,2749,split up,decide to separate
詫,2750,beg another’s pardon,beg pardon
誼,2751,familiarity,familiarity
謬,2752,fallible,fallible
訝,2753,wary,fishy
諺,2754,proverb,proverb
誹,2755,slander,slander
謂,2756,so-called,so-called
諜,2757,secret agent,secret agent
註,2758,footnote,footnote
譬,2759,parable,parable
轟,2760,rumble,roar
輔,2761,reinforce,help out
輻,2762,spoke,spoke of a wheel
輯,2763,assemble,assemble
豹,2764,panther,leopard
賎,2765,despicable,despicable
貰,2766,get,get
賑,2767,bustling,bustling
贖,2768,expiate,redeem
躓,2769,stumble,stumble
蹄,2770,hoof,hoof
蹟,2771,vestiges,vestiges
跨,2772,straddle,straddle
跪,2773,kneel,kneel
醤,2774,soy sauce,soy sauce
醍,2775,whey,whey
醐,2776,ghee,ghee
醇,2777,strong sake,strong sake
麹,2778,malt,malted rice
釦,2779,button,button
銚,2780,keg,keg
鋤,2781,plow,plow
鋸,2782,hand saw,hand saw
錐,2783,awl,awl
鍬,2784,hoe,hoe
鋲,2785,rivet,rivet
錫,2786,tin,tin
錨,2787,anchor,anchor
釘,2788,nail,nail
鑓,2789,javelin,javelin
鋒,2790,sword’s point,sword’s point
鎚,2791,hammer,metal hammer
鉦,2792,carillion,carillion
錆,2793,rust,rust
鍾,2794,cluster,bronze jar
鋏,2795,scissors,scissors
閃,2796,flash,flash
悶,2797,agony,writhe in pain
閤,2798,side gate,side gate
雫,2799,trickle,trickle
霞,2800,haze,haze
翰,2801,quill,quill
斡,2802,auspices,auspices
鞍,2803,saddle,saddle
鞭,2804,whip,whip
鞘,2805,saddle straps,scabbard
鞄,2806,briefcase,briefcase
靭,2807,pliable,pliable
鞠,2808,terminate,terminate
顛,2809,overturn,turn around
穎,2810,brush tip,sharp tip
頗,2811,exceedingly,exceedingly
頌,2812,accolade,accolade
頚,2813,neck and throat,neck and throat
餐,2814,repast,repast
饗,2815,feast,feast
蝕,2816,eclipse,consumed by worms
飴,2817,sweets,(hard) candy
駕,2818,stretcher,stretcher
騨,2819,piebald,piebald
馳,2820,rush,rush (when going somewhere)
騙,2821,cheat,deceive through words
馴,2822,tame,become used to
駁,2823,rebuttal,rebuttal
駈,2824,gallop,gallop
驢,2825,donkey,donkey
鰻,2826,eel,eel
鯛,2827,sea bream,sea bream
鰯,2828,sardine,sardine
鱒,2829,trout,trout
鮭,2830,salmon,salmon
鮪,2831,tuna,tuna
鮎,2832,sweet smelt,sweetfish
鯵,2833,horse mackerel,horse mackerel
鱈,2834,cod,cod
鯖,2835,mackerel,mackerel
鮫,2836,shark,shark
鰹,2837,bonito,bonito
鰍,2838,bullhead,bullhead
鰐,2839,alligator,crocodile
鮒,2840,crucian carp,crucian
鮨,2841,sushi,sushi
鰭,2842,fish fin,fish fin
鴎,2843,seagull,seagull
鵬,2844,roc,large mythical bird
鸚,2845,parakeet,parakeet
鵡,2846,parrot,parrot
鵜,2847,cormorant,cormorant
鷺,2848,heron,heron
鷲,2849,eagle,eagle
鴨,2850,wild duck,duck
鳶,2851,black kite,black kite (a type of bird)
梟,2852,owl,owl
塵,2853,dust,dust
麒,2854,giraffe,giraffe
舅,2855,father-in-law,father-in-law
鼠,2856,mouse,mouse
鑿,2857,bore,bore
艘,2858,small craft,small craft
瞑,2859,close the eyes,close one's eyes
暝,2860,murky,blot out the sun
坐,2861,sitting in meditation,sitting around an earth pillar
朔,2862,first day of the month,first day of the month
曳,2863,tow,drag
洩,2864,dribble out,unintentionally leak
彗,2865,comet,comet
慧,2866,astute,astute
爾,2867,let it be,let it be
嘉,2868,applaud,praiseworthy
兇,2869,evil,evil
兜,2870,helmet,helmet
靄,2871,mist,mist
劫,2872,kalpa,kalpa
歎,2873,bemoan,grief
輿,2874,palanquin,palanquin
歪,2875,warped,distort
翠,2876,jade green,jade green
黛,2877,blue-black,blue-black
鼎,2878,tripod,tripod
鹵,2879,rocksalt,rocksalt
鹸,2880,lye,lye
虔,2881,reserved,reserved
燕,2882,swallow,swallow (bird)
嘗,2883,lick,taste
殆,2884,almost,almost
牌,2885,mahjong tiles,mahjong tile
覗,2886,peek,peek
齟,2887,disagree,uneven
齬,2888,discord,irregular teeth
秦,2889,Manchu dynasty,Qin dynasty
雀,2890,sparrow,sparrow
隼,2891,peregrine falcon,falcon
耀,2892,shimmering,shimmering
夷,2893,ebisu,barbarian
嚢,2894,cyst,sac
暢,2895,carefree,carefree
廻,2896,circling,going around (old)
欣,2897,elation,elation
毅,2898,stalwart,stalwart
斯,2899,this,this
匙,2900,wooden spoon,wooden spoon
匡,2901,set straight,set straight
肇,2902,founding,founding
麿,2903,Utamaro,person with shaved eyebrows
叢,2904,conglomerate,conglomerate
肴,2905,entreat,fish served as an appetizer
斐,2906,symmetrically patterned,symmetrically patterned
卿,2907,magistrate,magistrate
翫,2908,fiddle with,fiddle with
於,2909,within,regarding
套,2910,hackneyed,trite
叛,2911,rebellion,rebellion
尖,2912,sharp point,sharp point
壷,2913,crock,jar [simplified]
叡,2914,sapience,sapience
酋,2915,chieftain,chieftain
鴬,2916,nightingale,nightingale
赫,2917,incandescent,incandescent
臥,2918,supinate,lie down and rest
甥,2919,nephew,nephew
瓢,2920,gourd,gourd
琵,2921,biwa,biwa
琶,2922,lute,lute
叉,2923,forked,forked
乖,2924,disobey,diverge
畠,2925,dry field,dry field
圃,2926,vegetable patch,vegetable patch
丞,2927,helping hand,helping hand
亮,2928,translucent,clear and obvious
胤,2929,blood relative,blood relative
疏,2930,transcription,transcription
膏,2931,ointment,ointment
魁,2932,pioneer,pioneer
馨,2933,ambrosial,heavenly smell
牒,2934,label,label
瞥,2935,glimpse,glimpse
睾,2936,testicle,testicle
巫,2937,sorceress,sorceress
敦,2938,empathetic,empathetic
奎,2939,Andromeda,Andromeda
翔,2940,soar,soar (in the sky)
皓,2941,beaming,beaming
黎,2942,tenebrous,tenebrous
赳,2943,bold,bold
已,2944,stop short,stop short
棘,2945,thornbush,thornbush
祟,2946,haunt,cast a spell
甦,2947,resuscitate,resuscitate
剪,2948,pruning,pruning
躾,2949,upbringing,upbringing
夥,2950,plentiful,plentiful
鼾,2951,snore,snore
陀,2952,steeply inclined,inaccessible terrain
粁,2953,kilometer,kilometer
糎,2954,centimeter,centimeter
粍,2955,millimeter,millimeter
噸,2956,ton,ton
哩,2957,mile,mile
浬,2958,nautical mile,nautical mile
吋,2959,inch,inch
呎,2960,foot,feet
梵,2961,brahman,brahman
薩,2962,bodhisattva,bodhisattva
菩,2963,bo tree,bo tree
唖,2964,babble,babble
牟,2965,moo,moo
迦,2966,Sanskrit ka,ka!
珈,2967,jeweled hairpin,jeweled hairpin
琲,2968,beaded hairpin,beaded hairpin
檜,2969,Japanese cypress (old),Japanese cypress (old)
轡,2970,tinkling bell,bridle’s bit
淵,2971,abyss (old),abyss (old)
伍,2972,V,thin five
什,2973,X,X (ten)
萬,2974,ten thousand (old),ten thousand [old]
邁,2975,pass through,push through
燭,2976,candlelight,candlelight
逞,2977,tough,strong body and will
燈,2978,lamp (old),lamp [old]
裡,2979,back (old),back (old)
薗,2980,park (alternate),park [old]
鋪,2981,shop (alternate),shop (alternate)
嶋,2982,island (alternate),island [old]
峯,2983,summit (alternate),peak [old]
埜,2984,plains (old),field [old]
龍,2985,dragon (old),ancient dragon
寵,2986,patronage,patronage
聾,2987,deafness,deafness
慾,2988,longing (old),deep desire
嶽,2989,Point (old),mountain peak [old]
國,2990,country (old),country [old]
脛,2991,shin,shin
勁,2992,formidable,formidable
祀,2993,enshrine,worship as a god
祓,2994,exorcism,exorcism
躇,2995,dither,dither
壽,2996,longevity (old),lifespan [old]
躊,2997,hesitate,hesitate
饅,2998,bean jam,bean jam
嘔,2999,retch,retch
鼈,3000,snapping turtle,snapping turtle